Age,Credit amount,Duration,Sex,Purpose,Risk
57,8187,33,female,car,bad
70,9591,38,male,furniture,good
47,13147,53,male,car,good
33,11639,46,male,furniture,good
61,10411,18,female,radio/TV,good
26,8972,48,female,radio/TV,good
39,11958,50,male,car,bad
57,2387,30,female,business,good
37,3766,58,female,furniture,good
41,1166,47,female,business,good
29,4688,41,female,business,good
29,1171,32,male,business,good
42,10661,43,female,radio/TV,bad
71,12848,12,male,car,good
54,7277,10,male,car,bad
58,11814,48,female,radio/TV,good
42,8070,50,male,radio/TV,bad
21,8456,56,female,car,bad
40,5624,36,female,business,good
71,6085,28,male,furniture,good
20,13391,47,male,furniture,bad
42,5277,15,male,furniture,good
62,4400,37,male,business,bad
48,7177,48,female,car,good
56,14216,58,female,radio/TV,good
20,7481,35,female,car,bad
39,6876,44,male,business,bad
51,1023,36,male,radio/TV,good
30,2893,23,male,business,bad
40,11809,41,female,furniture,good
62,3093,7,male,furniture,good
43,10660,19,female,business,good
67,13889,18,male,radio/TV,good
45,10445,34,female,radio/TV,bad
60,14624,17,female,car,good
46,7740,44,male,furniture,good
34,7437,7,male,car,good
33,10988,37,female,car,good
65,6690,18,female,business,good
69,5740,51,male,business,bad
62,10953,32,male,car,good
73,10978,54,female,furniture,bad
70,13867,46,male,business,bad
21,6993,22,female,car,good
55,12894,45,female,car,bad
69,3378,36,male,car,bad
25,4643,39,male,car,good
39,4144,29,male,car,good
27,4932,50,male,car,good
57,13837,40,male,business,good
36,14068,53,female,furniture,bad
22,10747,11,female,car,good
43,13412,24,male,radio/TV,bad
32,14678,35,male,business,good
68,1776,12,male,business,good
27,6311,15,female,car,bad
44,11458,46,male,business,good
71,802,37,male,car,good
20,1138,39,female,furniture,good
38,555,33,female,furniture,good
46,13513,20,male,business,good
65,9217,35,male,business,good
25,13261,42,male,radio/TV,good
62,12815,34,female,business,bad
26,8650,27,male,radio/TV,good
65,2625,9,male,furniture,good
53,11979,25,male,furniture,good
32,864,37,female,car,bad
35,7309,41,female,furniture,good
54,5121,55,male,radio/TV,good
68,14123,9,male,business,good
58,13670,32,female,car,good
22,5626,22,female,radio/TV,bad
20,5622,17,female,business,bad
24,2146,27,female,car,good
72,1418,22,female,furniture,good
60,3297,15,female,radio/TV,good
22,7006,59,female,business,bad
72,6370,6,female,car,bad
47,2031,27,female,car,good
36,8672,31,male,furniture,bad
44,3845,23,male,business,bad
62,8173,55,male,furniture,good
52,7449,19,female,furniture,good
28,7382,52,male,business,good
54,2406,34,female,business,bad
32,3586,17,female,business,bad
49,14003,41,male,radio/TV,bad
66,8652,40,female,business,bad
33,6250,57,male,car,good
26,13272,17,male,furniture,bad
32,10767,12,male,radio/TV,bad
41,9405,34,female,business,good
58,1562,16,male,radio/TV,good
39,2476,38,female,business,bad
34,1796,11,male,radio/TV,good
63,14042,52,male,furniture,bad
36,6729,20,male,furniture,good
65,8141,37,female,car,good
71,625,56,female,car,bad
42,5132,16,female,business,good
44,6788,28,male,furniture,good
43,4096,31,male,radio/TV,good
63,11975,39,female,radio/TV,bad
59,6668,51,female,radio/TV,good
47,10295,39,female,car,bad
33,8061,34,female,radio/TV,good
63,8758,9,female,car,bad
19,732,22,female,car,bad
43,10848,40,male,business,good
25,9861,18,female,radio/TV,good
27,10850,46,male,radio/TV,good
42,6871,44,male,furniture,good
19,4706,20,female,business,good
62,10185,34,female,furniture,good
26,14869,34,male,business,good
42,13410,16,female,radio/TV,good
29,8443,57,female,car,good
69,12699,37,male,car,good
35,7391,7,male,car,bad
26,7238,52,male,car,good
53,2972,19,female,car,good
53,11352,25,male,furniture,good
51,14329,27,female,business,bad
23,3239,16,male,radio/TV,bad
60,5901,32,male,furniture,bad
57,2261,8,male,business,bad
59,12206,22,female,car,good
46,10667,49,female,business,bad
25,11054,33,male,business,bad
27,1376,34,male,car,good
26,14777,26,male,car,bad
30,4312,52,female,car,good
52,12140,21,male,radio/TV,good
51,10004,42,female,car,good
66,1960,25,male,radio/TV,good
73,11401,11,male,car,bad
41,11016,24,male,radio/TV,good
42,2233,10,male,business,good
55,2105,8,male,furniture,good
53,6122,6,male,business,bad
62,7267,43,female,business,good
58,11255,20,male,car,good
40,12113,39,female,radio/TV,bad
45,7486,40,male,furniture,bad
53,4017,54,male,car,good
19,11089,30,female,car,bad
53,14418,29,male,car,bad
55,4235,17,female,business,bad
65,11562,23,female,radio/TV,good
32,9852,20,male,radio/TV,good
21,13546,49,female,furniture,good
19,8934,21,female,radio/TV,good
23,3090,32,male,radio/TV,good
44,1563,13,female,car,good
73,4824,51,male,car,good
32,11287,30,male,business,good
57,9611,22,male,car,good
45,5842,34,male,car,bad
27,505,58,female,car,good
33,7989,13,male,car,good
33,9159,20,male,business,bad
44,14543,32,female,car,good
60,12862,51,male,furniture,bad
31,8695,55,male,furniture,bad
69,6466,57,female,furniture,good
50,9337,12,female,furniture,bad
57,617,8,female,car,good
67,11620,34,female,furniture,good
70,14417,49,female,car,good
50,3051,58,female,business,good
22,14809,29,female,furniture,bad
48,13734,8,male,radio/TV,good
55,6060,25,female,furniture,good
41,4789,51,female,furniture,good
57,1346,20,female,car,good
63,11454,30,male,furniture,good
33,14203,35,male,radio/TV,good
61,14246,19,female,car,bad
47,6816,12,female,car,good
54,14456,22,female,business,good
31,6969,49,male,business,good
50,14221,25,male,furniture,good
25,9833,41,female,business,bad
69,10502,14,male,business,good
40,9415,43,female,business,good
46,724,53,male,car,good
20,13319,27,male,car,bad
60,4708,59,female,car,good
63,6783,58,female,business,good
71,13346,58,female,car,bad
24,2548,7,female,business,good
46,6733,29,male,car,bad
46,13441,13,male,car,bad
62,13107,16,male,radio/TV,good
62,10265,18,female,furniture,good
38,2328,22,male,business,good
48,2417,13,female,radio/TV,good
29,4734,26,male,car,bad
73,7488,23,female,business,good
46,2526,35,female,car,good
43,4244,23,male,furniture,bad
57,9593,51,female,radio/TV,good
51,13477,52,female,furniture,good
19,10731,36,male,radio/TV,good
45,509,43,female,car,good
70,760,37,female,furniture,bad
31,6538,16,female,furniture,good
59,10365,50,male,car,good
21,2719,30,male,furniture,good
57,7541,38,female,business,good
24,2560,43,male,radio/TV,good
26,5787,46,female,radio/TV,good
45,12405,13,female,radio/TV,good
27,2119,16,female,business,bad
55,9012,27,female,radio/TV,good
51,1842,56,female,car,good
69,14424,29,male,furniture,good
60,11068,46,female,business,bad
62,3332,22,male,radio/TV,bad
42,3324,17,male,car,good
33,2494,51,female,furniture,bad
72,11650,37,female,furniture,good
50,14731,20,male,business,good
50,10730,21,male,business,good
42,3990,59,male,business,good
59,12369,27,female,car,bad
70,9810,33,male,car,good
67,8484,25,female,business,good
67,2104,38,female,radio/TV,bad
70,12719,15,female,furniture,good
30,735,45,male,furniture,good
57,10661,37,female,car,good
20,13121,55,female,furniture,good
21,2408,38,female,radio/TV,good
67,9067,7,female,furniture,good
55,4030,38,female,car,good
67,5756,38,male,car,good
74,3135,46,female,radio/TV,bad
35,8662,18,female,radio/TV,good
67,10262,35,male,furniture,good
20,3060,38,female,furniture,good
20,5915,18,male,car,good
46,3891,57,female,radio/TV,good
72,11657,31,male,radio/TV,good
41,12335,27,male,radio/TV,good
55,6451,44,female,furniture,bad
50,5968,7,female,radio/TV,good
51,8507,43,female,car,bad
19,12542,44,male,car,good
37,9564,31,male,furniture,bad
20,9944,51,male,business,good
71,6913,55,female,furniture,bad
62,14639,20,male,business,good
44,7441,39,male,radio/TV,good
50,10006,47,female,furniture,good
24,5320,49,male,car,bad
50,14840,54,male,radio/TV,good
73,3398,45,female,car,good
22,8046,16,male,radio/TV,good
73,577,8,female,furniture,good
29,8077,11,female,business,good
74,11313,14,female,radio/TV,good
35,4727,11,female,business,bad
56,1100,14,female,radio/TV,bad
42,14560,44,male,car,bad
23,1565,36,male,car,good
70,2636,37,female,radio/TV,bad
52,11141,46,female,business,bad
24,11035,55,male,furniture,good
40,10555,17,female,furniture,good
29,10010,13,female,car,good
66,13403,13,female,furniture,bad
34,12289,55,male,car,good
51,7443,33,male,furniture,good
27,12454,25,female,radio/TV,good
24,8304,52,female,car,bad
34,7065,12,male,car,bad
47,6484,16,male,radio/TV,bad
21,5642,25,female,car,good
38,5170,21,female,furniture,good
54,2690,9,male,furniture,good
37,9684,11,male,car,good
44,3212,27,male,furniture,good
21,2692,31,female,business,good
37,1748,8,male,car,good
38,11746,46,female,radio/TV,good
50,13290,47,male,business,bad
25,4533,19,male,car,good
70,2497,16,male,radio/TV,bad
59,13608,23,male,furniture,good
51,4187,59,female,radio/TV,good
58,10843,17,female,business,good
57,4518,28,male,furniture,good
36,11802,17,female,car,good
58,2470,18,male,furniture,good
19,8889,30,male,car,good
29,6265,50,male,car,good
46,11318,56,male,radio/TV,good
43,1702,24,female,radio/TV,bad
68,8635,51,male,radio/TV,bad
41,6067,41,male,business,bad
49,8167,50,female,business,good
48,6242,13,male,radio/TV,bad
60,6288,34,male,business,bad
53,5908,58,male,furniture,good
25,10727,37,female,furniture,bad
34,9169,56,male,business,good
44,9946,49,female,business,bad
66,1422,23,male,furniture,bad
70,919,11,male,car,good
67,2704,23,female,furniture,good
20,11289,24,male,furniture,bad
19,1620,27,male,business,good
66,11760,42,female,furniture,good
30,1450,37,female,business,bad
23,2836,46,female,business,good
55,5873,8,female,radio/TV,good
50,2743,33,female,furniture,good
73,3145,15,male,car,good
27,10549,56,female,radio/TV,good
59,5112,40,male,business,good
53,14446,34,male,business,good
37,2365,59,male,car,good
66,11604,20,female,business,bad
34,13929,38,female,furniture,good
21,11545,12,male,radio/TV,good
38,6528,17,female,business,good
42,7826,54,female,business,good
72,13602,35,female,car,good
74,6871,26,female,furniture,good
51,14688,36,male,business,bad
42,6859,29,male,car,good
70,8363,25,female,business,good
29,14850,42,male,car,good
67,3728,9,female,car,good
26,4219,33,female,furniture,good
54,11920,49,male,business,good
56,14882,25,male,furniture,good
58,2871,29,male,car,bad
38,3391,55,female,radio/TV,good
53,4256,54,male,business,good
66,4725,56,female,radio/TV,good
43,594,37,male,business,good
53,3174,46,male,furniture,good
43,7398,41,female,furniture,good
47,10647,58,female,furniture,good
36,1293,39,female,furniture,good
64,10526,41,female,furniture,good
36,2616,7,female,radio/TV,good
20,6279,20,female,furniture,good
72,12798,39,female,car,good
53,12017,41,female,car,good
34,14653,11,male,radio/TV,bad
59,11611,44,female,business,good
54,11289,47,female,car,bad
51,11897,56,male,business,good
22,13499,56,female,radio/TV,good
51,6666,59,male,business,good
32,1314,17,male,business,good
39,845,8,female,business,good
66,11041,50,male,business,bad
38,9054,23,female,radio/TV,good
74,2943,45,male,car,bad
26,10957,26,male,furniture,good
25,10880,20,male,business,bad
21,8283,38,female,car,good
35,11697,40,female,car,bad
51,11973,31,male,radio/TV,good
66,1484,13,male,car,good
30,8290,41,female,radio/TV,good
69,10331,53,female,business,bad
40,1327,35,male,business,good
73,11422,28,male,furniture,bad
40,4031,47,female,furniture,good
64,7647,49,female,furniture,bad
48,4951,19,female,car,bad
56,14135,19,female,business,bad
56,11627,7,female,radio/TV,good
63,4376,42,male,furniture,good
69,6459,10,female,radio/TV,bad
72,626,43,male,radio/TV,good
26,3677,50,female,furniture,good
45,11748,46,male,business,good
45,9295,59,female,furniture,bad
52,12141,52,female,radio/TV,good
39,6524,19,male,furniture,good
48,5609,44,male,radio/TV,bad
51,4646,30,female,radio/TV,good
46,7696,25,female,furniture,bad
65,12225,7,female,car,good
51,12059,44,female,furniture,good
23,3868,11,female,car,good
66,4297,22,male,radio/TV,good
37,14218,30,male,radio/TV,bad
22,2292,33,female,car,good
53,11553,7,male,radio/TV,good
67,6232,40,male,car,good
35,3976,42,male,car,good
62,3917,10,female,radio/TV,good
46,2145,6,male,business,good
48,9897,45,female,car,good
47,3530,17,male,furniture,bad
64,3372,41,female,furniture,good
71,3572,50,male,radio/TV,good
24,2354,28,female,business,good
53,4521,52,female,radio/TV,bad
59,5162,36,male,business,good
55,7014,16,female,car,good
42,5531,15,female,car,good
47,14722,8,female,car,bad
67,3208,59,female,car,good
64,12194,19,female,furniture,bad
71,7612,21,female,furniture,good
49,10024,15,female,radio/TV,good
53,8893,34,female,business,bad
51,4007,15,male,car,good
70,6956,17,male,car,bad
39,4712,35,female,business,bad
50,13724,46,female,business,bad
41,8470,6,male,radio/TV,good
51,9266,10,male,business,bad
21,1036,25,male,car,good
36,2125,13,female,car,bad
43,10814,48,male,car,good
60,8473,17,female,car,bad
49,9077,6,female,car,good
72,8570,59,male,radio/TV,good
21,11973,25,female,car,good
58,9166,33,female,radio/TV,bad
64,9109,48,female,car,good
42,6990,42,female,furniture,good
68,4100,52,male,furniture,bad
50,7283,42,male,furniture,good
65,13726,17,female,furniture,good
40,9646,42,female,radio/TV,good
41,5471,54,male,radio/TV,good
20,13550,54,female,business,good
45,13990,49,male,car,good
60,1705,33,female,furniture,good
20,13451,52,female,radio/TV,good
44,12812,20,male,car,bad
35,2490,11,male,car,good
58,5799,49,male,radio/TV,good
51,13497,25,male,furniture,bad
27,4072,55,female,business,good
61,6475,19,male,car,good
72,13972,7,female,business,bad
66,6820,14,male,furniture,bad
57,4880,42,male,furniture,bad
47,12850,25,female,business,bad
60,13790,31,male,furniture,bad
73,5257,34,male,car,good
44,3213,6,male,business,bad
53,10895,40,male,furniture,good
68,6088,11,female,business,bad
43,11812,42,female,car,good
42,1466,58,male,furniture,good
31,5444,10,male,car,good
25,13895,38,male,furniture,bad
54,3932,54,female,radio/TV,good
63,1188,56,female,furniture,bad
38,4743,19,female,business,bad
19,4201,17,female,furniture,good
26,9033,47,male,car,bad
64,5682,25,male,car,bad
34,10416,58,male,furniture,good
32,14171,55,female,business,good
30,7204,29,male,radio/TV,good
69,4922,48,female,business,good
41,10484,39,female,radio/TV,good
33,2259,30,male,car,bad
46,11904,55,male,business,good
52,9681,34,male,radio/TV,bad
20,10954,44,female,furniture,good
50,2982,36,female,car,good
41,8558,52,male,furniture,bad
40,1451,48,male,car,bad
69,9414,55,female,business,good
43,12081,28,male,business,good
40,2579,49,female,car,good
40,3217,43,female,car,good
67,11024,25,male,car,good
70,12068,28,male,business,good
60,5024,50,male,radio/TV,good
24,10192,57,male,furniture,bad
33,8977,21,female,furniture,good
72,7811,55,female,business,good
61,12187,47,female,furniture,good
55,7686,13,male,car,bad
51,2565,55,female,radio/TV,bad
26,1268,26,male,furniture,good
71,5990,6,male,radio/TV,bad
62,11749,13,male,car,good
62,12981,34,male,furniture,good
23,7145,37,male,business,good
57,5583,43,male,radio/TV,good
22,5732,10,female,car,bad
24,10853,52,male,radio/TV,bad
63,11985,27,female,furniture,good
50,6297,52,female,furniture,good
70,9638,39,male,business,good
48,5426,6,male,car,good
65,6516,31,male,car,good
53,3835,48,female,business,good
73,12842,15,male,business,good
58,8538,35,female,car,good
70,13587,55,male,radio/TV,good
34,5373,23,male,radio/TV,good
31,1981,22,female,business,bad
68,10593,31,female,radio/TV,good
60,6805,13,male,car,bad
48,3951,52,female,furniture,good
37,12756,45,female,furniture,bad
35,14922,54,female,radio/TV,bad
74,554,17,female,business,good
37,8143,32,female,business,good
46,10515,13,male,business,bad
73,13989,30,male,business,good
44,3962,51,female,business,good
55,11771,9,male,radio/TV,good
44,1332,38,male,furniture,good
71,13100,6,female,furniture,good
41,11498,24,male,radio/TV,bad
27,6454,36,female,business,good
30,14795,21,female,radio/TV,good
71,14794,19,male,furniture,bad
19,11182,58,female,car,good
19,14578,53,female,radio/TV,bad
65,9019,10,female,business,good
52,7721,46,female,furniture,good
50,3810,31,female,furniture,bad
72,3800,33,male,furniture,good
66,7222,7,male,furniture,bad
43,7718,55,female,business,bad
58,8276,11,female,car,bad
63,4175,14,male,furniture,good
71,3554,38,female,radio/TV,bad
19,14075,46,male,car,good
34,8470,30,female,furniture,good
57,2643,53,female,car,bad
23,5707,18,female,radio/TV,good
40,10003,14,female,furniture,bad
47,11883,58,female,radio/TV,bad
73,3038,18,female,business,bad
21,12675,36,female,furniture,good
30,5047,46,male,furniture,bad
44,6119,16,male,furniture,good
34,8856,9,male,furniture,bad
69,12969,39,female,business,good
55,7112,43,female,furniture,good
40,5505,51,female,car,good
47,1322,9,female,furniture,good
32,1443,43,female,business,good
46,14789,24,female,furniture,bad
23,6650,11,female,car,good
65,4925,39,male,business,good
67,9466,23,female,business,good
48,2698,18,male,car,good
64,11848,46,male,car,good
70,4742,28,female,car,good
23,4195,24,female,car,good
30,3952,50,male,car,good
34,9606,16,male,business,good
44,14359,6,female,business,good
44,1808,29,female,furniture,good
66,4677,59,male,furniture,bad
39,9205,12,female,radio/TV,bad
57,10612,30,female,furniture,good
54,7352,26,female,furniture,bad
51,6535,20,male,car,good
48,4094,6,male,car,good
55,5341,17,male,furniture,bad
41,1909,12,female,radio/TV,good
28,13494,20,female,car,bad
72,5066,26,male,furniture,good
23,11882,24,male,furniture,good
54,4991,34,male,business,good
52,2055,30,female,radio/TV,bad
70,1304,38,male,business,good
49,13721,54,male,radio/TV,bad
28,1779,37,female,car,good
37,14545,54,female,radio/TV,good
50,13692,40,female,furniture,good
19,13864,49,male,furniture,good
74,7583,43,female,radio/TV,bad
23,6486,31,female,radio/TV,good
63,6119,16,male,radio/TV,bad
22,12269,40,female,business,bad
34,11593,13,male,radio/TV,good
42,1887,51,male,car,good
34,14091,19,female,business,good
73,13380,15,female,business,good
20,11453,7,female,radio/TV,good
67,3179,51,female,car,good
46,2606,14,female,business,good
50,8673,8,female,furniture,good
45,4723,26,male,business,good
38,5331,31,male,radio/TV,good
42,3268,13,female,car,good
30,12645,53,male,radio/TV,bad
68,3686,7,female,furniture,good
53,11972,11,male,furniture,good
51,3073,33,male,furniture,bad
51,13308,58,male,radio/TV,good
69,3099,34,female,business,good
61,4533,31,male,radio/TV,good
55,8928,30,female,car,good
30,1804,17,male,business,good
21,12122,10,male,furniture,good
19,7868,39,male,radio/TV,good
51,6377,53,male,furniture,good
58,1801,42,male,furniture,bad
28,3041,20,female,car,bad
61,2551,49,female,business,good
62,7309,41,male,car,bad
47,9133,20,male,car,good
31,10768,48,male,car,good
30,11872,53,male,furniture,bad
49,11349,28,female,car,good
64,12490,11,male,car,good
20,9496,51,female,business,good
69,574,55,male,business,good
68,7481,49,female,car,bad
53,10867,48,male,business,bad
41,12616,50,male,business,bad
35,10781,26,female,car,bad
44,5975,28,male,furniture,good
26,8732,48,male,car,good
47,10773,21,male,business,good
44,7684,52,female,furniture,good
28,6296,58,male,radio/TV,good
44,7641,20,male,furniture,bad
52,14189,30,female,business,good
69,13375,41,female,furniture,good
59,2122,16,female,car,good
25,8541,56,male,radio/TV,good
22,841,20,male,radio/TV,bad
71,12744,9,male,radio/TV,good
68,2574,26,female,business,good
63,8492,18,male,business,bad
29,1145,27,male,radio/TV,good
47,13518,24,female,furniture,good
74,4763,39,female,radio/TV,good
54,9301,19,female,furniture,bad
43,14560,9,female,furniture,good
39,6636,53,female,business,bad
54,9146,58,male,furniture,bad
28,11645,57,female,radio/TV,good
55,10400,51,male,business,bad
27,12164,32,male,car,bad
42,3469,34,female,car,bad
53,3528,52,female,business,bad
67,8143,33,female,radio/TV,good
53,13489,40,male,car,good
66,3181,13,female,car,good
54,4129,21,female,furniture,good
36,14387,47,female,furniture,good
67,4725,41,female,radio/TV,bad
57,3567,35,female,business,bad
50,6441,23,male,radio/TV,good
42,1886,7,male,business,bad
41,12468,54,male,car,bad
50,3366,18,female,furniture,good
55,5288,9,female,radio/TV,good
30,12055,31,female,radio/TV,good
67,5990,30,male,business,bad
73,13581,35,female,business,good
31,4624,16,female,radio/TV,good
41,8840,12,female,business,good
43,4350,36,male,radio/TV,bad
53,5915,49,female,radio/TV,bad
59,10750,15,male,radio/TV,bad
48,8179,44,female,car,bad
35,7319,18,male,business,bad
67,9828,36,male,furniture,bad
38,8878,12,male,furniture,bad
66,11546,54,female,business,bad
43,9942,47,female,radio/TV,good
40,1833,47,male,furniture,good
31,12885,41,male,furniture,good
37,4650,25,female,business,good
67,7266,9,female,furniture,good
54,3211,59,male,radio/TV,good
30,5353,12,female,business,bad
59,13193,59,female,radio/TV,bad
37,6712,6,female,furniture,bad
30,7979,49,female,furniture,good
27,5908,50,male,radio/TV,good
25,10477,47,female,car,good
46,8215,52,female,furniture,good
32,9442,18,male,car,good
49,2262,27,male,furniture,good
70,12612,59,female,car,bad
37,7601,26,female,car,bad
65,8174,27,female,car,good
34,13152,33,female,radio/TV,good
71,6622,14,male,car,good
23,981,31,male,car,good
53,653,14,male,car,bad
30,8117,20,female,furniture,good
43,2024,15,female,car,good
70,2620,29,female,furniture,good
39,2843,47,female,car,good
54,5636,13,male,car,good
71,6260,29,male,radio/TV,bad
41,1740,21,female,furniture,good
34,560,54,male,car,good
57,9630,31,female,furniture,good
63,2139,32,female,furniture,good
71,6685,42,male,business,bad
60,12812,9,female,radio/TV,good
57,13850,55,female,radio/TV,good
32,8470,29,male,radio/TV,good
49,12918,24,female,business,good
23,12261,41,female,business,good
53,1752,44,male,radio/TV,good
41,4703,15,female,business,good
47,8863,30,male,business,bad
61,10150,23,female,business,good
29,4049,24,male,radio/TV,bad
36,4697,41,male,radio/TV,good
65,7509,15,male,radio/TV,bad
30,7167,38,female,business,bad
27,2822,55,male,radio/TV,good
28,10328,10,male,business,bad
62,11807,52,male,car,good
35,4590,54,male,business,bad
56,7460,40,male,furniture,good
25,3504,49,female,radio/TV,good
64,5636,39,female,radio/TV,good
31,829,38,female,furniture,bad
58,4140,26,female,business,good
60,12586,22,female,car,good
27,14308,27,female,furniture,bad
68,8482,53,female,furniture,bad
45,4607,42,male,business,good
20,1841,20,female,radio/TV,good
23,12355,40,male,business,good
47,8907,33,male,furniture,good
55,838,12,female,furniture,good
56,6395,37,male,radio/TV,bad
37,12754,16,male,radio/TV,good
26,3208,15,male,radio/TV,good
66,11844,14,male,business,good
63,2250,19,female,radio/TV,good
19,6104,18,female,furniture,good
40,2921,30,female,furniture,good
70,7619,7,female,car,good
35,9401,40,female,business,bad
25,5819,12,female,car,good
43,7109,26,female,furniture,bad
63,13900,23,female,car,bad
22,5887,8,female,furniture,good
54,12418,47,female,car,bad
24,12334,59,male,radio/TV,good
49,4493,44,female,car,good
37,9180,46,male,radio/TV,bad
62,8544,54,male,radio/TV,good
72,14349,16,male,business,good
57,8738,44,male,radio/TV,bad
45,12051,29,female,radio/TV,good
28,5373,51,male,car,good
44,13827,24,female,furniture,bad
37,5306,9,female,business,good
57,9092,31,male,radio/TV,good
21,12682,43,female,business,good
63,6413,47,male,car,good
31,7624,37,male,radio/TV,good
68,3657,44,female,car,bad
46,13037,50,female,business,good
38,890,51,male,car,good
46,12545,41,female,business,bad
26,4930,45,female,car,bad
59,9320,42,female,business,good
57,8186,38,male,furniture,good
19,4732,41,male,car,good
21,11622,8,female,car,good
31,8507,14,female,furniture,good
46,2021,13,female,furniture,good
67,9518,38,female,car,bad
43,13514,11,female,furniture,bad
74,2000,46,male,radio/TV,good
51,7237,44,female,business,good
56,3794,9,male,business,good
71,5585,18,female,business,good
24,2919,54,male,radio/TV,good
62,9626,7,female,furniture,bad
63,3542,10,male,furniture,good
50,4997,49,female,car,good
63,1966,32,male,furniture,bad
65,4061,37,male,car,good
39,1114,26,male,radio/TV,good
34,5892,13,male,business,good
72,8193,43,male,business,good
39,9874,13,male,business,bad
29,3723,55,female,furniture,good
55,7638,8,male,car,good
54,3167,59,female,car,good
53,8480,49,female,radio/TV,bad
37,13909,8,female,furniture,good
38,630,27,female,radio/TV,good
36,13982,11,female,car,good
65,3483,7,male,car,good
59,4778,28,male,business,good
67,7626,49,male,furniture,good
32,13151,7,female,car,good
33,8730,43,male,business,good
49,8194,22,male,furniture,bad
19,12651,40,male,radio/TV,good
71,7140,39,male,furniture,good
72,12279,28,male,furniture,good
72,5968,35,female,car,bad
21,1420,57,male,car,good
34,8064,13,female,furniture,bad
41,11461,27,female,car,bad
29,12803,49,female,car,good
30,9184,41,female,car,bad
28,14237,10,female,business,good
50,9823,18,male,business,good
34,12213,34,male,furniture,bad
26,9002,36,male,car,bad
56,9430,52,female,business,good
30,3741,21,male,furniture,good
42,1045,47,male,car,good
46,11153,35,female,radio/TV,bad
71,4846,21,female,car,good
26,13546,17,female,car,good
46,10496,22,female,business,good
54,11904,21,male,furniture,good
44,14085,17,female,furniture,bad
26,14419,13,female,business,good
68,4310,25,male,car,bad
46,14702,8,male,radio/TV,good
46,7706,21,female,car,bad
55,9505,35,male,car,good
59,12816,50,female,radio/TV,good
54,13745,28,female,business,good
45,2532,33,male,furniture,good
72,13264,56,male,business,good
35,13105,45,female,business,bad
27,8936,59,female,car,good
51,13535,10,female,furniture,good
71,13484,25,male,furniture,good
38,771,45,female,business,good
31,4011,49,female,radio/TV,good
46,2271,6,female,business,bad
66,9954,35,female,radio/TV,bad
47,11116,26,female,furniture,good
31,4861,25,male,business,good
64,7569,11,female,car,good
53,1420,27,female,business,good
24,8690,23,female,furniture,good
36,3930,13,female,car,good
69,4935,44,male,car,good
23,13176,37,male,radio/TV,good
65,11316,38,male,car,bad
43,4260,58,female,car,good
20,2550,21,female,business,good
28,12192,17,male,furniture,good
74,1665,43,male,radio/TV,good
48,9067,57,male,business,bad
68,2533,39,female,car,bad
63,6967,19,female,car,bad
23,645,41,male,radio/TV,good
73,14769,38,male,furniture,bad
74,4888,28,male,radio/TV,good
51,8332,55,female,business,bad
72,9123,50,female,radio/TV,good
19,9396,7,female,car,bad
36,8673,46,male,business,bad
50,14786,26,male,car,bad
65,3132,7,female,furniture,good
67,4994,32,male,car,good
29,8556,14,female,car,bad
39,8011,6,male,radio/TV,good
44,9655,16,male,car,bad
43,10926,8,male,business,good
40,10733,57,male,business,good
45,2328,28,female,furniture,bad
67,10800,31,male,business,good
31,12760,9,female,radio/TV,good
51,9630,23,female,furniture,good
52,5305,11,female,business,good
59,1306,40,male,radio/TV,bad
53,10155,27,female,business,good
19,7986,48,female,business,bad
39,14113,20,female,car,bad
66,12107,27,male,business,good
73,8702,42,male,business,bad
24,13873,57,female,radio/TV,good
46,2368,47,male,radio/TV,good
35,8378,17,female,car,bad
23,13559,52,female,business,good
49,6190,54,male,car,good
23,14395,47,female,business,good
56,8327,43,male,furniture,good
21,5929,23,male,furniture,good
71,9576,50,female,car,bad
41,4064,40,male,car,good
55,1889,35,male,car,good
71,12093,29,female,radio/TV,good
55,7774,47,female,radio/TV,good
28,13013,35,male,radio/TV,good
28,1324,19,male,car,good
37,2765,11,female,business,good
35,1436,8,male,furniture,good
39,11492,21,male,car,good
32,11245,12,male,radio/TV,good
27,6902,57,male,radio/TV,bad
64,14699,19,male,car,bad
19,4345,14,male,car,good
69,2296,20,male,radio/TV,bad
63,8745,26,female,business,bad
31,7714,40,female,radio/TV,good
22,1226,7,female,radio/TV,good
19,3236,32,female,car,bad
67,14332,7,female,business,bad
58,11862,40,male,radio/TV,good
50,13831,23,male,radio/TV,bad
52,2413,19,male,furniture,good
46,14564,25,male,car,bad
49,10288,23,female,furniture,bad
26,10606,15,male,furniture,good
57,8157,30,male,radio/TV,bad
44,2966,7,female,car,good
52,11429,30,male,business,good
72,9541,59,male,radio/TV,bad
72,10801,38,female,business,good
21,7812,41,male,business,good
68,8694,36,male,car,good
30,12947,19,male,furniture,good
19,8406,6,male,car,good
72,12761,51,male,business,bad
62,5376,21,female,radio/TV,good
23,7787,59,female,business,good
48,1392,51,female,radio/TV,good
48,10722,57,female,radio/TV,bad
35,11852,8,female,car,bad
66,11068,40,female,business,bad
65,5175,46,male,furniture,bad
41,2433,11,female,business,bad
33,1880,30,female,business,good
55,12373,18,male,furniture,good
39,1790,58,male,car,good
32,2140,39,female,business,bad
20,13739,13,male,business,bad
29,7990,26,female,radio/TV,good
69,11374,39,male,business,bad
57,9679,9,female,furniture,good
56,1718,30,male,radio/TV,good
52,5516,20,male,car,good
56,7381,9,female,radio/TV,good
68,10047,50,female,furniture,good
52,12957,17,female,furniture,good
36,13308,37,female,radio/TV,good
48,14274,37,female,car,good
33,12827,33,male,radio/TV,bad
45,10252,18,female,car,bad
69,10110,36,female,radio/TV,bad
52,1454,19,male,furniture,good
70,9675,25,male,business,good
56,7791,23,female,business,bad
51,1474,34,male,car,good
42,4633,11,male,car,good
33,5870,37,female,car,good
48,4472,34,male,furniture,good
73,5795,48,male,radio/TV,good
60,14413,7,female,furniture,good
69,9605,28,female,business,good
35,13241,24,male,car,good
23,8728,36,male,radio/TV,good
47,12079,56,female,business,good
22,10403,10,male,business,good
28,3520,24,male,business,good
74,9487,39,male,furniture,good
35,4536,15,female,car,good
28,5568,30,male,business,good
35,13380,7,male,car,good
38,5733,16,female,furniture,good
42,11803,55,male,business,bad
23,10016,36,male,furniture,good
52,817,20,female,furniture,good
24,2896,14,female,car,good
71,2662,28,female,business,good
20,3245,24,female,furniture,good
31,14134,14,male,business,good
61,2091,40,male,car,bad
61,11803,26,female,furniture,good
66,14677,14,female,car,good
29,6683,33,male,business,good
69,4430,51,female,business,bad
65,10688,56,male,car,good
41,14560,12,female,radio/TV,bad
73,1812,21,male,furniture,good
34,9977,21,female,business,bad
49,4811,38,female,business,bad
29,7814,9,male,furniture,good
72,2883,9,female,car,good
34,3739,44,male,car,good
